"PSComputerName","RunspaceId","PSShowComputerName"
"localhost","40708436-4e8b-4462-94f4-261aee0d7eed","False"
"localhost","e9d27ca0-5049-4832-85ae-d6d7a62e73ab","False"
"localhost","c43201bb-498e-4371-b54a-2d5e1cf2fff3","False"
"localhost","9dfa4e8b-28f2-4938-894c-21caf577900d","False"
"localhost","3b310900-ec93-4b94-87d7-8636524c001f","False"
"localhost","03abd2ac-e305-4620-a88e-792ce1ad1ddc","False"
"localhost","b398ba41-7fb6-4e99-8094-a390aabc6efe","False"
"localhost","a3c447a4-8e79-4749-87c9-2afec0a2c6fc","False"
"localhost","d83f985f-e493-4513-8179-3c3b2ac04159","False"
"localhost","86627e7c-837c-42c1-ae73-535cf323bd5a","False"
